Amoebozoa|Acas_ELR12553
Amoebozoa|Acas_ELR13098
Amoebozoa|Acas_ELR13828
Amoebozoa|Acas_ELR18520
Amoebozoa|Acas_ELR20238
Amoebozoa|Acas_ELR22733
Amoebozoa|Acas_ELR23078
Amoebozoa|Acas_ELR24124
Amoebozoa|Acas_ELR24686
Amoebozoa|Acas_ELR25681
Amoebozoa|Cavfas_EGG17086
Amoebozoa|Cavfas_EGG18058
Amoebozoa|Ddis_EAL72814
Amoebozoa|Hetalb_XP_020429924.1
Amoebozoa|Hetalb_XP_020432432.1
Amoebozoa|Masbal_CACRSC010000046.1.p46
Amoebozoa|Plafun_PRP77438
Amoebozoa|Plafun_PRP78648
Amoebozoa|Plafun_PRP82010
Amoebozoa|Plafun_PRP83497
Amoebozoa|Plafun_PRP84121
Amoebozoa|Plafun_PRP86334
Amoebozoa|Plafun_PRP86710
Amoebozoa|Plafun_PRP87681
Amoebozoa|Tielac_KYQ92258
Ancyromonadida|Fabtro_Gene.11305
Ancyromonadida|Fabtro_Gene.18151
Ancyromonadida|Fabtro_Gene.20505
Ancyromonadida|Fabtro_Gene.30241
Ancyromonadida|Fabtro_Gene.51093
Ancyromonadida|Nutlon_comp20920_c0_seq1.p2
Ancyromonadida|Nutlon_comp21456_c0_seq3.p1
Ancyromonadida|Plamic_ANCSI_01156.mRNA.1
Ancyromonadida|Plamic_ANCSI_03888.mRNA.1
Ancyromonadida|Plamic_ANCSI_04641.mRNA.1
Ancyromonadida|Plamic_ANCSI_10613.mRNA.1
ArchaeCry|Chabra_GBG86885
ArchaeCry|Chabra_GBG88044
ArchaeCry|Cmer_CMT600CT
ArchaeCry|Cvar_XP_005847976.1
ArchaeCry|Gonavo_comp21509_c0_seq1_6_ORF8_309
ArchaeCry|Gonavo_comp37868_c0_seq1_6_ORF5_271
ArchaeCry|Gonavo_comp51386_c0_seq4_6_ORF7_266
ArchaeCry|Gonavo_comp53246_c0_seq3_6_ORF6_155
ArchaeCry|Gonavo_comp54917_c0_seq1_6_ORF7_234
ArchaeCry|Gthe_EKX38920
ArchaeCry|Gthe_EKX43641
ArchaeCry|Gthe_EKX46698
ArchaeCry|Klenit_GAQ78363.1
ArchaeCry|Klenit_GAQ81454.1
ArchaeCry|Klenit_GAQ86877.1
ArchaeCry|Klenit_GAQ89127.1
ArchaeCry|Marpol_PTQ31328
ArchaeCry|Marpol_PTQ32963
ArchaeCry|Mpus_XP_003057268.1
ArchaeCry|Otau_XP_003081203.1
ArchaeCry|Sacu_v1.1_s0084.g018238
ArchaeCry|Smoe_EFJ20169
ArchaeCry|Sphfal_Sphfalx04G040200.1.p
ArchaeCry|Sphfal_Sphfalx08G072000.1.p
ArchaeCry|Ulvmut_UM166_00031
ArchaeCry|Vcar_XP_002953392.1
CRuMs|Diprot_Gene.15711
CRuMs|Diprot_Gene.9354
CRuMs|Manpla_Gene.13380
CRuMs|Manpla_Gene.22120
CRuMs|Manpla_Gene.35069
CRuMs|Manpla_Gene.7202
CRuMs|Rigram_Gene.16308
CRuMs|Rigram_Gene.19145
CRuMs|Rigram_Gene.19227
CRuMs|Rigram_Gene.26109
CRuMs|Rigram_Gene.3485
CRuMs|Rigram_Gene.5820
CRuMs|Rigram_Gene.8846
Discoba|Amobb2_AMBB2_00305.mRNA.1
Discoba|Amobb2_AMBB2_05557.mRNA.1
Discoba|Amobb2_AMBB2_09381.mRNA.1
Discoba|Amobb2_AMBB2_09911.mRNA.1
Discoba|Amobb2_AMBB2_11608.mRNA.1
Discoba|Andgod_ANDGO_02655.mRNA.1
Discoba|Andgod_ANDGO_03736.mRNA.1
Discoba|Ngru_EFC38796
Discoba|Ngru_EFC40683
Discoba|Ngru_EFC42813
Discoba|Ngru_EFC45242
Discoba|Ngru_EFC48622
Discoba|Phakir_PHAKIR_16963.mRNA.1
Discoba|Phakir_PHAKIR_17756.mRNA.1
Discoba|Recame_RECAM_03948.mRNA.1
Discoba|Recame_RECAM_04467.mRNA.1
Discoba|Recame_RECAM_06692.mRNA.1
Discoba|Recame_RECAM_07098.mRNA.1
Discoba|Recame_RECAM_10140.mRNA.1
Discoba|Recame_RECAM_15602.mRNA.1
Discoba|Recame_RECAM_20364.mRNA.1
Discoba|Secula_SECUL_03117.mRNA.1
Discoba|Secula_SECUL_06993.mRNA.1
Discoba|Secula_SECUL_06993.mRNA.2
Discoba|Secula_SECUL_09070.mRNA.1
Discoba|Secula_SECUL_09966.mRNA.1
Discoba|Styinc_Gene30936_m30936
Hemimastigophora|Hemkuk_17226_TR5732_c0_g1
Hemimastigophora|Hemkuk_18436_TR6104_c0_g1
Hemimastigophora|Hemkuk_28544_TR9457_c0_g1
Hemimastigophora|Hemkuk_5815_TR2008_c0_g1
Hemimastigophora|Spimul_11394_TR6015_c0_g1
Hemimastigophora|Spimul_12627_TR6678_c0_g1
Hemimastigophora|Spimul_14890_TR8025_c0_g1
Hemimastigophora|Spimul_646_TR367_c0_g1
Hemimastigophora|Spimul_6610_TR3409_c0_g1
Malawimonadidae|Gefoke_MALSP_02360.mRNA.1
Malawimonadidae|Gefoke_MALSP_02558.mRNA.1
Malawimonadidae|Gefoke_MALSP_02984.mRNA.1
Malawimonadidae|Gefoke_MALSP_03405.mRNA.1
Malawimonadidae|Gefoke_MALSP_03809.mRNA.1
Malawimonadidae|Gefoke_MALSP_04065.mRNA.1
Malawimonadidae|Gefoke_MALSP_04558.mRNA.1
Malawimonadidae|Gefoke_MALSP_06424.mRNA.1
Malawimonadidae|Gefoke_MALSP_11761.mRNA.1
Malawimonadidae|Gefoke_MALSP_12410.mRNA.1
Malawimonadidae|Gefoke_MALSP_12818.mRNA.1
Malawimonadidae|Gefoke_MALSP_14389.mRNA.1
Malawimonadidae|Malcal_MALCA_06345.mRNA.1
Malawimonadidae|Malcal_MALCA_06866.mRNA.1
Malawimonadidae|Maljak_MALJA_03298.mRNA.1
Malawimonadidae|Maljak_MALJA_04899.mRNA.1
Malawimonadidae|Maljak_MALJA_09375.mRNA.1
Malawimonadidae|Maljak_MALJA_10816.mRNA.1
Malawimonadidae|Maljak_MALJA_15719.mRNA.1
Malawimonadidae|Maljak_MALJA_16610.mRNA.1
Malawimonadidae|Maljak_MALJA_18365.mRNA.1
Metamonada|Carmem_1405.p1
Metamonada|Carmem_1522.p2
Metamonada|Carmem_3039.p1
Metamonada|Carmem_6428.p1
Metamonada|Carmem_913.p1
Metamonada|Carmem_b2765.p1
Metamonada|Tvag_XP_001311372.1
Metamonada|Tvag_XP_001311644.1
Metamonada|Tvag_XP_001329926.1
Meteora|Meteor_CRO19MET_NODE_2529.p2
Meteora|Meteor_CRO19MET_NODE_4534.p2
Meteora|Meteor_CRO19MET_NODE_6527.p1
Obazoa|Apla_XP_022096225.1
Obazoa|Apla_XP_022103732.1
Obazoa|Aque_Aqu2.1.25609_001
Obazoa|Auraur_scaffold1109.g1.t1
Obazoa|Cfra_CFRG0049T1
Obazoa|Cfra_CFRG1215T1
Obazoa|Cint_ENSCINP00000012226.3
Obazoa|Clim_evm79s236
Obazoa|Cowc_KJE94481
Obazoa|Cowc_KJE96859
Obazoa|Ctel_CapteP229030
Obazoa|Hsap_ENSP00000372191.4
Obazoa|Lcom_lcpid67440
Obazoa|Linana_g16317.t1
Obazoa|Mbre_EDQ88330
Obazoa|Mbre_EDQ90654
Obazoa|Mvib_comp12092_c1_seq1_fr5
Obazoa|Nk52_evm1s168
Obazoa|Notgen_g23187.t1
Obazoa|Nvec_NVE6832
Obazoa|Pisp_OUM58659.1
Obazoa|Pygbif_GCRY01002468.1.p1
Obazoa|Pygbif_GCRY01002516.1.p1
Obazoa|Rall_EPZ33665
Obazoa|Sarc_Sarc4_g12227T
Obazoa|Spis_XP_022798495_1
Obazoa|Sros_EGD76750
Obazoa|Sros_EGD79390
Obazoa|Tetwil_Twilhelma_g12054.t1
Obazoa|Ttra_KNC47659
Obazoa|Ttra_KNC51015
SARHap|Alblai_CCA13982
SARHap|Aplker_39552
SARHap|Aplker_55254
SARHap|Aplker_62198
SARHap|Aplker_78679
SARHap|Aurlim_117706
SARHap|Aurlim_68806
SARHap|Aurlim_80724
SARHap|Bnat_JGI_V11_48995
SARHap|Bnat_JGI_V11_74504
SARHap|Bnat_JGI_V11_81215
SARHap|Bnat_JGI_V11_87946
SARHap|Bnat_JGI_V11_91077
SARHap|Bremin_symbB.v1.2.026788.t1
SARHap|Chrtob_KOO29637.1
SARHap|Coka_g4989.t1
SARHap|Coka_g5011.t1
SARHap|Cvel_12728.t2-p1
SARHap|Cvel_29124.t1-p1
SARHap|Ehux_EOD05884
SARHap|Ehux_EOD22799
SARHap|Eimten_CDJ42555
SARHap|Honfer_GBG27195
SARHap|Honfer_GBG31161
SARHap|Ngad_EWM23868
SARHap|Phatri_Phatr3_J16859.p1
SARHap|Pinf_PITG_10164T0
SARHap|Plabra_CEO97507
SARHap|Retfil_ETO25817
SARHap|Schagg_82801
SARHap|Schagg_96661
SARHap|Symmic_Smic41108
SARHap|Tthe_EAR85891
SARHap|Tthe_EAR90047
SARHap|Vitbra_CEL99577.1
SARHap|Vitbra_CEM16772.1
